Approval Date,Drug Name,Submission,Active Ingredients,Sponsor
01/16/2020,IXIFIBLA   #761072,SUPPL-6,INFLIXIMAB-QBTX,PFIZER INC
01/24/2020,TRAZIMERABLA   #761081,SUPPL-2,TRASTUZUMAB-QYYP,PFIZER INC
01/30/2020,CAMPTOSARNDA   #020571,SUPPL-51,IRINOTECAN HYDROCHLORIDE,PFIZER INC
02/27/2020,NURTEC ODTNDA   #212728,ORIG-1,RIMEGEPANT SULFATE,PFIZER
03/04/2020,CLEOCIN PHOSPHATENDA   #050441,SUPPL-83,CLINDAMYCIN PHOSPHATE,PFIZER
03/04/2020,CLEOCIN PHOSPHATE IN DEXTROSE 5% IN PLASTIC CONTAINERNDA   #050639,SUPPL-41,CLINDAMYCIN PHOSPHATE,PFIZER
03/09/2020,CLEOCIN HYDROCHLORIDENDA   #050162,SUPPL-102,CLINDAMYCIN HYDROCHLORIDE,PFIZER
03/09/2020,TALZENNANDA   #211651,SUPPL-5,TALAZOPARIB TOSYLATE,PFIZER
03/19/2020,DAURISMONDA   #210656,SUPPL-2,GLASDEGIB MALEATE,PFIZER
03/19/2020,DAURISMONDA   #210656,SUPPL-4,GLASDEGIB MALEATE,PFIZER
03/23/2020,CLEOCINNDA   #050680,SUPPL-18,CLINDAMYCIN PHOSPHATE,PFIZER
03/23/2020,CLEOCINNDA   #050767,SUPPL-17,CLINDAMYCIN PHOSPHATE,PFIZER
04/08/2020,DIDREXNDA   #012427,SUPPL-31,BENZPHETAMINE HYDROCHLORIDE,PFIZER
04/14/2020,CLEOCINANDA  #062644,SUPPL-31,CLINDAMYCIN PALMITATE HYDROCHLORIDE,PFIZER
05/05/2020,ACCURETICNDA   #020125,SUPPL-25,HYDROCHLOROTHIAZIDE; QUINAPRIL HYDROCHLORIDE,PFIZER PHARMS
05/07/2020,TRAZIMERABLA   #761081,SUPPL-6,TRASTUZUMAB-QYYP,PFIZER INC
05/18/2020,ACCUPRILNDA   #019885,SUPPL-45,QUINAPRIL HYDROCHLORIDE,PFIZER PHARMS
05/22/2020,CALAN SRNDA   #019152,SUPPL-45,VERAPAMIL HYDROCHLORIDE,PFIZER
05/26/2020,RUXIENCEBLA   #761103,SUPPL-3,RITUXIMAB-PVVR,PFIZER INC
05/29/2020,LORBRENANDA   #210868,SUPPL-1,LORLATINIB,PFIZER
06/07/2020,CYKLOKAPRONNDA   #019281,SUPPL-44,TRANEXAMIC ACID,PFIZER
06/26/2020,FRAGMINNDA   #020287,SUPPL-74,DALTEPARIN SODIUM,PFIZER
06/26/2020,FRAGMINNDA   #020287,SUPPL-75,DALTEPARIN SODIUM,PFIZER
07/28/2020,ALDACTONENDA   #012151,SUPPL-77,SPIRONOLACTONE,PFIZER
07/28/2020,ARTHROTECNDA   #020607,SUPPL-33,DICLOFENAC SODIUM; MISOPROSTOL,PFIZER
08/05/2020,ZYVOXNDA   #021130,SUPPL-39,LINEZOLID,PFIZER
08/05/2020,ZYVOXNDA   #021130,SUPPL-40,LINEZOLID,PFIZER
08/05/2020,ZYVOXNDA   #021131,SUPPL-34,LINEZOLID,PFIZER
08/05/2020,ZYVOXNDA   #021131,SUPPL-35,LINEZOLID,PFIZER
08/05/2020,ZYVOXNDA   #021132,SUPPL-38,LINEZOLID,PFIZER
08/05/2020,ZYVOXNDA   #021132,SUPPL-39,LINEZOLID,PFIZER
08/18/2020,NURTEC ODTNDA   #212728,SUPPL-1,RIMEGEPANT SULFATE,PFIZER
08/20/2020,ALDACTAZIDENDA   #012616,SUPPL-80,HYDROCHLOROTHIAZIDE; SPIRONOLACTONE,PFIZER
08/20/2020,ACCURETICNDA   #020125,SUPPL-27,HYDROCHLOROTHIAZIDE; QUINAPRIL HYDROCHLORIDE,PFIZER PHARMS
08/28/2020,DOXORUBICIN HYDROCHLORIDENDA   #050467,SUPPL-78,DOXORUBICIN HYDROCHLORIDE,PFIZER
08/28/2020,DOXORUBICIN HYDROCHLORIDENDA   #050629,SUPPL-30,DOXORUBICIN HYDROCHLORIDE,PFIZER
09/08/2020,DIFLUCANNDA   #019949,SUPPL-69,FLUCONAZOLE,PFIZER
09/08/2020,DIFLUCAN IN DEXTROSE 5% IN PLASTIC CONTAINERNDA   #019950,SUPPL-68,FLUCONAZOLE,PFIZER
09/08/2020,DIFLUCAN IN SODIUM CHLORIDE 0.9%NDA   #019950,SUPPL-68,FLUCONAZOLE,PFIZER
09/08/2020,DIFLUCAN IN SODIUM CHLORIDE 0.9% IN PLASTIC CONTAINERNDA   #019950,SUPPL-68,FLUCONAZOLE,PFIZER
09/08/2020,DIFLUCANNDA   #020090,SUPPL-50,FLUCONAZOLE,PFIZER
09/09/2020,DEPO-PROVERANDA   #020246,SUPPL-43,MEDROXYPROGESTERONE ACETATE,PFIZER
09/09/2020,DEPO-PROVERANDA   #020246,SUPPL-57,MEDROXYPROGESTERONE ACETATE,PFIZER
09/18/2020,CEFOBIDNDA   #050551,SUPPL-46,CEFOPERAZONE SODIUM,PFIZER
09/24/2020,ARTHROTECNDA   #020607,SUPPL-36,DICLOFENAC SODIUM; MISOPROSTOL,PFIZER
09/25/2020,XELJANZNDA   #213082,ORIG-1,TOFACITINIB CITRATE,PFIZER
10/09/2020,UNASYNNDA   #050608,SUPPL-47,AMPICILLIN SODIUM; SULBACTAM SODIUM,PFIZER
10/22/2020,TALZENNANDA   #211651,SUPPL-6,TALAZOPARIB TOSYLATE,PFIZER
11/03/2020,ELELYSOBLA   #022458,SUPPL-24,TALIGLUCERASE ALFA,PFIZER
12/04/2020,DEPO-PROVERANDA   #020246,SUPPL-60,MEDROXYPROGESTERONE ACETATE,PFIZER
12/04/2020,DEPO-PROVERANDA   #020246,SUPPL-62,MEDROXYPROGESTERONE ACETATE,PFIZER
12/04/2020,DEPO-SUBQ PROVERA 104NDA   #021583,SUPPL-33,MEDROXYPROGESTERONE ACETATE,PFIZER
12/04/2020,DEPO-SUBQ PROVERA 104NDA   #021583,SUPPL-34,MEDROXYPROGESTERONE ACETATE,PFIZER
12/05/2020,FRAGMINNDA   #020287,SUPPL-76,DALTEPARIN SODIUM,PFIZER
12/10/2020,LOPIDNDA   #018422,SUPPL-59,GEMFIBROZIL,PFIZER PHARMS
12/18/2020,VIZIMPRONDA   #211288,SUPPL-3,DACOMITINIB,PFIZER
01/15/2021,AZULFIDINENDA   #007073,SUPPL-129,SULFASALAZINE,PFIZER
01/15/2021,AZULFIDINE EN-TABSNDA   #007073,SUPPL-129,SULFASALAZINE,PFIZER
01/22/2021,LORBRENANDA   #210868,SUPPL-2,LORLATINIB,PFIZER
02/04/2021,CYKLOKAPRONNDA   #019281,SUPPL-47,TRANEXAMIC ACID,PFIZER
02/05/2021,HALCIONNDA   #017892,SUPPL-55,TRIAZOLAM,PFIZER
02/09/2021,ZIRABEVBLA   #761099,SUPPL-4,BEVACIZUMAB-BVZR,PFIZER INC
02/09/2021,ZIRABEVBLA   #761099,SUPPL-6,BEVACIZUMAB-BVZR,PFIZER INC
02/10/2021,IDAMYCINNDA   #050661,SUPPL-16,IDARUBICIN HYDROCHLORIDE,PFIZER
02/10/2021,IDAMYCIN PFSNDA   #050734,SUPPL-27,IDARUBICIN HYDROCHLORIDE,PFIZER
02/11/2021,DEPO-MEDROLNDA   #011757,SUPPL-119,METHYLPREDNISOLONE ACETATE,PFIZER
02/18/2021,ELLENCENDA   #050778,SUPPL-26,EPIRUBICIN HYDROCHLORIDE,PFIZER INC
02/19/2021,ALDACTAZIDENDA   #012616,SUPPL-81,HYDROCHLOROTHIAZIDE; SPIRONOLACTONE,PFIZER
02/19/2021,ACCURETICNDA   #020125,SUPPL-28,HYDROCHLOROTHIAZIDE; QUINAPRIL HYDROCHLORIDE,PFIZER PHARMS
02/26/2021,LORBRENANDA   #210868,SUPPL-3,LORLATINIB,PFIZER
03/03/2021,LORBRENANDA   #210868,SUPPL-4,LORLATINIB,PFIZER
03/05/2021,FLAGYLNDA   #012623,SUPPL-68,METRONIDAZOLE,PFIZER
03/05/2021,FLAGYLNDA   #020334,SUPPL-11,METRONIDAZOLE,PFIZER
03/05/2021,FLAGYL ERNDA   #020868,SUPPL-13,METRONIDAZOLE,PFIZER
03/08/2021,MYCOBUTINNDA   #050689,SUPPL-25,RIFABUTIN,PFIZER
04/28/2021,FELDENENDA   #018147,SUPPL-50,PIROXICAM,PFIZER
04/28/2021,DAYPRONDA   #018841,SUPPL-33,OXAPROZIN,PFIZER
04/28/2021,ARTHROTECNDA   #020607,SUPPL-38,DICLOFENAC SODIUM; MISOPROSTOL,PFIZER
04/28/2021,DAYPRO ALTANDA   #020776,SUPPL-10,OXAPROZIN POTASSIUM,PFIZER
05/27/2021,DEPO-MEDROLNDA   #011757,SUPPL-120,METHYLPREDNISOLONE ACETATE,PFIZER
05/27/2021,NURTEC ODTNDA   #212728,SUPPL-6,RIMEGEPANT SULFATE,PFIZER
06/16/2021,TALZENNANDA   #211651,SUPPL-1,TALAZOPARIB TOSYLATE,PFIZER
06/17/2021,TOVIAZNDA   #022030,SUPPL-19,FESOTERODINE FUMARATE,PFIZER
07/16/2021,ZYVOXNDA   #021130,SUPPL-41,LINEZOLID,PFIZER
07/16/2021,ZYVOXNDA   #021131,SUPPL-37,LINEZOLID,PFIZER
07/16/2021,ZYVOXNDA   #021132,SUPPL-40,LINEZOLID,PFIZER
08/02/2021,ARTHROTECNDA   #020607,SUPPL-39,DICLOFENAC SODIUM; MISOPROSTOL,PFIZER
08/03/2021,GLUCOTROL XLNDA   #020329,SUPPL-35,GLIPIZIDE,PFIZER
09/01/2021,ZYVOXNDA   #021130,SUPPL-42,LINEZOLID,PFIZER
09/01/2021,ZYVOXNDA   #021131,SUPPL-38,LINEZOLID,PFIZER
09/01/2021,ZYVOXNDA   #021132,SUPPL-41,LINEZOLID,PFIZER
09/09/2021,TALZENNANDA   #211651,SUPPL-7,TALAZOPARIB TOSYLATE,PFIZER
09/15/2021,MYCOBUTINNDA   #050689,SUPPL-26,RIFABUTIN,PFIZER
09/20/2021,TALZENNANDA   #211651,SUPPL-8,TALAZOPARIB TOSYLATE,PFIZER
09/21/2021,TALZENNANDA   #211651,SUPPL-9,TALAZOPARIB TOSYLATE,PFIZER
10/25/2021,DIFLUCANNDA   #019949,SUPPL-70,FLUCONAZOLE,PFIZER
10/25/2021,DIFLUCAN IN DEXTROSE 5% IN PLASTIC CONTAINERNDA   #019950,SUPPL-69,FLUCONAZOLE,PFIZER
10/25/2021,DIFLUCAN IN SODIUM CHLORIDE 0.9%NDA   #019950,SUPPL-69,FLUCONAZOLE,PFIZER
10/25/2021,DIFLUCAN IN SODIUM CHLORIDE 0.9% IN PLASTIC CONTAINERNDA   #019950,SUPPL-69,FLUCONAZOLE,PFIZER
10/25/2021,DIFLUCANNDA   #020090,SUPPL-51,FLUCONAZOLE,PFIZER
10/26/2021,ZYVOXNDA   #021130,SUPPL-43,LINEZOLID,PFIZER
10/26/2021,ZYVOXNDA   #021131,SUPPL-39,LINEZOLID,PFIZER
10/26/2021,ZYVOXNDA   #021132,SUPPL-42,LINEZOLID,PFIZER
10/27/2021,HALCIONNDA   #017892,SUPPL-56,TRIAZOLAM,PFIZER
11/01/2021,AZULFIDINENDA   #007073,SUPPL-130,SULFASALAZINE,PFIZER
11/01/2021,AZULFIDINE EN-TABSNDA   #007073,SUPPL-130,SULFASALAZINE,PFIZER
11/09/2021,PROCARDIA XLNDA   #019684,SUPPL-33,NIFEDIPINE,PFIZER
11/10/2021,ZYVOXNDA   #021131,SUPPL-40,LINEZOLID,PFIZER
11/15/2021,RUXIENCEBLA   #761103,SUPPL-5,RITUXIMAB-PVVR,PFIZER INC
11/17/2021,AROMASINNDA   #020753,SUPPL-22,EXEMESTANE,PFIZER
11/19/2021,CALANNDA   #018817,SUPPL-35,VERAPAMIL HYDROCHLORIDE,PFIZER
11/22/2021,ZITHROMAXNDA   #050670,SUPPL-36,AZITHROMYCIN,PFIZER
11/22/2021,ZITHROMAXNDA   #050693,SUPPL-34,AZITHROMYCIN,PFIZER
11/22/2021,ZITHROMAXNDA   #050710,SUPPL-51,AZITHROMYCIN,PFIZER
11/22/2021,ZITHROMAXNDA   #050711,SUPPL-50,AZITHROMYCIN,PFIZER
11/22/2021,ZITHROMAXNDA   #050730,SUPPL-43,AZITHROMYCIN,PFIZER
11/22/2021,ZITHROMAXNDA   #050733,SUPPL-50,AZITHROMYCIN,PFIZER
11/22/2021,ZITHROMAXNDA   #050784,SUPPL-37,AZITHROMYCIN,PFIZER
12/02/2021,XELJANZ XRNDA   #208246,SUPPL-17,TOFACITINIB CITRATE,PFIZER
12/02/2021,XELJANZNDA   #213082,SUPPL-4,TOFACITINIB CITRATE,PFIZER
12/04/2021,CLEOCIN PHOSPHATENDA   #050441,SUPPL-86,CLINDAMYCIN PHOSPHATE,PFIZER
12/04/2021,CLEOCIN PHOSPHATE IN DEXTROSE 5% IN PLASTIC CONTAINERNDA   #050639,SUPPL-43,CLINDAMYCIN PHOSPHATE,PFIZER
12/08/2021,NURTEC ODTNDA   #212728,SUPPL-12,RIMEGEPANT SULFATE,PFIZER
12/14/2021,XELJANZ XRNDA   #208246,SUPPL-13,TOFACITINIB CITRATE,PFIZER
12/14/2021,XELJANZNDA   #213082,SUPPL-3,TOFACITINIB CITRATE,PFIZER
12/15/2021,FLAGYLNDA   #012623,SUPPL-69,METRONIDAZOLE,PFIZER
12/15/2021,FLAGYLNDA   #020334,SUPPL-12,METRONIDAZOLE,PFIZER
12/15/2021,FLAGYL ERNDA   #020868,SUPPL-14,METRONIDAZOLE,PFIZER
01/06/2022,ZITHROMAXNDA   #050733,SUPPL-49,AZITHROMYCIN,PFIZER
01/14/2022,CIBINQONDA   #213871,ORIG-1,ABROCITINIB,PFIZER
01/27/2022,CAMPTOSARNDA   #020571,SUPPL-52,IRINOTECAN HYDROCHLORIDE,PFIZER INC
01/27/2022,CAMPTOSARNDA   #020571,SUPPL-53,IRINOTECAN HYDROCHLORIDE,PFIZER INC
03/09/2022,DIFLUCANNDA   #019949,SUPPL-71,FLUCONAZOLE,PFIZER
03/09/2022,DIFLUCAN IN DEXTROSE 5% IN PLASTIC CONTAINERNDA   #019950,SUPPL-70,FLUCONAZOLE,PFIZER
03/09/2022,DIFLUCAN IN SODIUM CHLORIDE 0.9%NDA   #019950,SUPPL-70,FLUCONAZOLE,PFIZER
03/09/2022,DIFLUCAN IN SODIUM CHLORIDE 0.9% IN PLASTIC CONTAINERNDA   #019950,SUPPL-70,FLUCONAZOLE,PFIZER
03/09/2022,DIFLUCANNDA   #020090,SUPPL-52,FLUCONAZOLE,PFIZER
03/31/2022,NURTEC ODTNDA   #212728,SUPPL-14,RIMEGEPANT SULFATE,PFIZER
04/11/2022,LINCOCINNDA   #050317,SUPPL-187,LINCOMYCIN HYDROCHLORIDE,PFIZER
04/11/2022,NURTEC ODTNDA   #212728,SUPPL-9,RIMEGEPANT SULFATE,PFIZER
04/22/2022,SYNARELNDA   #019886,SUPPL-38,NAFARELIN ACETATE,PFIZER
04/27/2022,IDAMYCINNDA   #050661,SUPPL-17,IDARUBICIN HYDROCHLORIDE,PFIZER
04/27/2022,IDAMYCIN PFSNDA   #050734,SUPPL-29,IDARUBICIN HYDROCHLORIDE,PFIZER
04/29/2022,NORQUEST FENDA   #018926,SUPPL-14,ETHINYL ESTRADIOL; FERROUS FUMARATE; NORETHINDRONE,PFIZER
05/17/2022,CLEOCINNDA   #050680,SUPPL-19,CLINDAMYCIN PHOSPHATE,PFIZER
05/17/2022,CLEOCINNDA   #050767,SUPPL-18,CLINDAMYCIN PHOSPHATE,PFIZER
05/20/2022,CLEOCIN HYDROCHLORIDENDA   #050162,SUPPL-104,CLINDAMYCIN HYDROCHLORIDE,PFIZER
05/20/2022,CLEOCIN PHOSPHATENDA   #050441,SUPPL-85,CLINDAMYCIN PHOSPHATE,PFIZER
05/20/2022,CLEOCIN PHOSPHATE IN DEXTROSE 5% IN PLASTIC CONTAINERNDA   #050639,SUPPL-42,CLINDAMYCIN PHOSPHATE,PFIZER
07/26/2022,CLEOCINNDA   #050767,SUPPL-19,CLINDAMYCIN PHOSPHATE,PFIZER
07/27/2022,ESTRINGNDA   #020472,SUPPL-19,ESTRADIOL,PFIZER
07/29/2022,ABRILADABLA   #761118,SUPPL-6,ADALIMUMAB-AFZB,PFIZER INC
08/26/2022,ARTHROTECNDA   #020607,SUPPL-40,DICLOFENAC SODIUM; MISOPROSTOL,PFIZER
08/30/2022,ELELYSOBLA   #022458,SUPPL-29,TALIGLUCERASE ALFA,PFIZER
11/09/2022,FELDENENDA   #018147,SUPPL-52,PIROXICAM,PFIZER
11/09/2022,DAYPRONDA   #018841,SUPPL-34,OXAPROZIN,PFIZER
11/09/2022,DAYPRO ALTANDA   #020776,SUPPL-11,OXAPROZIN POTASSIUM,PFIZER
11/16/2022,AZULFIDINENDA   #007073,SUPPL-133,SULFASALAZINE,PFIZER
11/16/2022,AZULFIDINE EN-TABSNDA   #007073,SUPPL-133,SULFASALAZINE,PFIZER
12/13/2022,IBRANCENDA   #207103,SUPPL-15,PALBOCICLIB,PFIZER
12/13/2022,IBRANCENDA   #212436,SUPPL-3,PALBOCICLIB,PFIZER
12/19/2022,ALDACTONENDA   #012151,SUPPL-79,SPIRONOLACTONE,PFIZER
12/19/2022,ALDACTAZIDENDA   #012616,SUPPL-83,HYDROCHLOROTHIAZIDE; SPIRONOLACTONE,PFIZER
12/22/2022,ARTHROTECNDA   #020607,SUPPL-41,DICLOFENAC SODIUM; MISOPROSTOL,PFIZER
12/23/2022,CAVERJECTNDA   #020379,SUPPL-38,ALPROSTADIL,PFIZER
12/23/2022,CAVERJECT IMPULSENDA   #021212,SUPPL-18,ALPROSTADIL,PFIZER
01/13/2023,HALCIONNDA   #017892,SUPPL-57,TRIAZOLAM,PFIZER
01/17/2023,DIFLUCANNDA   #019949,SUPPL-73,FLUCONAZOLE,PFIZER
01/17/2023,DIFLUCAN IN DEXTROSE 5% IN PLASTIC CONTAINERNDA   #019950,SUPPL-72,FLUCONAZOLE,PFIZER
01/17/2023,DIFLUCAN IN SODIUM CHLORIDE 0.9%NDA   #019950,SUPPL-72,FLUCONAZOLE,PFIZER
01/17/2023,DIFLUCAN IN SODIUM CHLORIDE 0.9% IN PLASTIC CONTAINERNDA   #019950,SUPPL-72,FLUCONAZOLE,PFIZER
01/17/2023,DIFLUCANNDA   #020090,SUPPL-54,FLUCONAZOLE,PFIZER
01/31/2023,SYNARELNDA   #019886,SUPPL-39,NAFARELIN ACETATE,PFIZER
02/09/2023,CIBINQONDA   #213871,SUPPL-1,ABROCITINIB,PFIZER
02/17/2023,ZIRABEVBLA   #761099,SUPPL-10,BEVACIZUMAB-BVZR,PFIZER INC
03/09/2023,ZAVZPRETNDA   #216386,ORIG-1,ZAVEGEPANT HYDROCHLORIDE,PFIZER
03/27/2023,DAURISMONDA   #210656,SUPPL-5,GLASDEGIB MALEATE,PFIZER
05/09/2023,ELELYSOBLA   #022458,SUPPL-30,TALIGLUCERASE ALFA,PFIZER
05/25/2023,PAXLOVID (COPACKAGED)NDA   #217188,ORIG-1,NIRMATRELVIR; RITONAVIR,PFIZER
06/14/2023,ABRILADABLA   #761118,SUPPL-9,ADALIMUMAB-AFZB,PFIZER INC
06/20/2023,TALZENNANDA   #211651,SUPPL-10,TALAZOPARIB TOSYLATE,PFIZER
06/23/2023,LITFULONDA   #215830,ORIG-1,RITLECITINIB TOSYLATE,PFIZER
06/27/2023,NGENLABLA   #761184,ORIG-1,SOMATROGON-GHLA,PFIZER IRELAND PHARMACEUTICALS
07/12/2023,DIFLUCANNDA   #019949,SUPPL-74,FLUCONAZOLE,PFIZER
07/12/2023,DIFLUCAN IN DEXTROSE 5% IN PLASTIC CONTAINERNDA   #019950,SUPPL-73,FLUCONAZOLE,PFIZER
07/12/2023,DIFLUCAN IN SODIUM CHLORIDE 0.9%NDA   #019950,SUPPL-73,FLUCONAZOLE,PFIZER
07/12/2023,DIFLUCAN IN SODIUM CHLORIDE 0.9% IN PLASTIC CONTAINERNDA   #019950,SUPPL-73,FLUCONAZOLE,PFIZER
07/12/2023,DIFLUCANNDA   #020090,SUPPL-55,FLUCONAZOLE,PFIZER
07/18/2023,ZYVOXNDA   #021130,SUPPL-44,LINEZOLID,PFIZER
07/18/2023,ZYVOXNDA   #021131,SUPPL-41,LINEZOLID,PFIZER
07/18/2023,ZYVOXNDA   #021132,SUPPL-43,LINEZOLID,PFIZER
08/14/2023,ELREXFIOBLA   #761345,ORIG-1,ELRANATAMAB,PFIZER INC
08/16/2023,ABRILADABLA   #761118,SUPPL-11,ADALIMUMAB-AFZB,PFIZER INC
09/06/2023,IBRANCENDA   #207103,SUPPL-17,PALBOCICLIB,PFIZER
09/06/2023,IBRANCENDA   #207103,SUPPL-18,PALBOCICLIB,PFIZER
09/06/2023,IBRANCENDA   #212436,SUPPL-5,PALBOCICLIB,PFIZER
09/06/2023,IBRANCENDA   #212436,SUPPL-6,PALBOCICLIB,PFIZER
09/18/2023,PROVERANDA   #011839,SUPPL-78,MEDROXYPROGESTERONE ACETATE,PFIZER
10/04/2023,ABRILADABLA   #761118,SUPPL-7,ADALIMUMAB-AFZB,PFIZER INC
10/06/2023,FLAGYLNDA   #012623,SUPPL-70,METRONIDAZOLE,PFIZER
10/06/2023,FLAGYLNDA   #020334,SUPPL-13,METRONIDAZOLE,PFIZER
10/06/2023,FLAGYL ERNDA   #020868,SUPPL-15,METRONIDAZOLE,PFIZER
10/12/2023,VELSIPITYNDA   #216956,ORIG-1,ETRASIMOD ARGININE,PFIZER
10/16/2023,RUXIENCEBLA   #761103,SUPPL-11,RITUXIMAB-PVVR,PFIZER INC
11/06/2023,IDAMYCIN PFSNDA   #050734,SUPPL-31,IDARUBICIN HYDROCHLORIDE,PFIZER
12/13/2023,ELREXFIOBLA   #761345,SUPPL-1,ELRANATAMAB,PFIZER INC
12/14/2023,CIBINQONDA   #213871,SUPPL-4,ABROCITINIB,PFIZER
12/19/2023,MEDROLNDA   #011153,SUPPL-81,METHYLPREDNISOLONE,PFIZER
12/20/2023,DEPO-MEDROLNDA   #011757,SUPPL-123,METHYLPREDNISOLONE ACETATE,PFIZER
12/26/2023,IXIFIBLA   #761072,SUPPL-9,INFLIXIMAB-QBTX,PFIZER INC
12/27/2023,NGENLABLA   #761184,SUPPL-1,SOMATROGON-GHLA,PFIZER IRELAND PHARMACEUTICALS
02/06/2024,TALZENNANDA   #211651,SUPPL-12,TALAZOPARIB TOSYLATE,PFIZER
02/12/2024,DIFLUCANNDA   #019949,SUPPL-72,FLUCONAZOLE,PFIZER
02/12/2024,DIFLUCAN IN DEXTROSE 5% IN PLASTIC CONTAINERNDA   #019950,SUPPL-71,FLUCONAZOLE,PFIZER
02/12/2024,DIFLUCAN IN SODIUM CHLORIDE 0.9%NDA   #019950,SUPPL-71,FLUCONAZOLE,PFIZER
02/12/2024,DIFLUCAN IN SODIUM CHLORIDE 0.9% IN PLASTIC CONTAINERNDA   #019950,SUPPL-71,FLUCONAZOLE,PFIZER
02/12/2024,DIFLUCANNDA   #020090,SUPPL-53,FLUCONAZOLE,PFIZER
02/15/2024,PROVERANDA   #011839,SUPPL-83,MEDROXYPROGESTERONE ACETATE,PFIZER
02/15/2024,ESTRINGNDA   #020472,SUPPL-20,ESTRADIOL,PFIZER
02/15/2024,OGEN .625ANDA  #083220,SUPPL-45,ESTROPIPATE,PFIZER
02/15/2024,OGEN 1.25ANDA  #083220,SUPPL-45,ESTROPIPATE,PFIZER
02/15/2024,OGEN 2.5ANDA  #083220,SUPPL-45,ESTROPIPATE,PFIZER
02/15/2024,OGEN 5ANDA  #083220,SUPPL-45,ESTROPIPATE,PFIZER
02/21/2024,DEPO-ESTRADIOLANDA  #085470,SUPPL-27,ESTRADIOL CYPIONATE,PFIZER
02/28/2024,TOVIAZNDA   #022030,SUPPL-22,FESOTERODINE FUMARATE,PFIZER
02/28/2024,TOVIAZNDA   #022030,SUPPL-23,FESOTERODINE FUMARATE,PFIZER
03/07/2024,TALZENNANDA   #217439,ORIG-1,TALAZOPARIB TOSYLATE,PFIZER
04/04/2024,CAMPTOSARNDA   #020571,SUPPL-56,IRINOTECAN HYDROCHLORIDE,PFIZER INC
04/30/2024,ABRILADABLA   #761118,SUPPL-12,ADALIMUMAB-AFZB,PFIZER INC
05/01/2024,UNASYNNDA   #050608,SUPPL-53,AMPICILLIN SODIUM; SULBACTAM SODIUM,PFIZER
05/09/2024,DOXORUBICIN HYDROCHLORIDENDA   #050629,SUPPL-33,DOXORUBICIN HYDROCHLORIDE,PFIZER
05/14/2024,XELJANZ XRNDA   #208246,SUPPL-21,TOFACITINIB CITRATE,PFIZER
05/14/2024,XELJANZNDA   #213082,SUPPL-6,TOFACITINIB CITRATE,PFIZER
05/23/2024,NICOTROLNDA   #020385,SUPPL-12,NICOTINE,PFIZER INC
05/23/2024,NICOTROLNDA   #020714,SUPPL-19,NICOTINE,PFIZER
06/05/2024,MEDROLNDA   #011153,SUPPL-83,METHYLPREDNISOLONE,PFIZER
06/05/2024,DEPO-MEDROLNDA   #011757,SUPPL-125,METHYLPREDNISOLONE ACETATE,PFIZER
06/05/2024,VELSIPITYNDA   #216956,SUPPL-1,ETRASIMOD ARGININE,PFIZER
06/14/2024,PFIZERPENANDA  #060657,SUPPL-37,PENICILLIN G POTASSIUM,PFIZER
06/27/2024,ZYVOXNDA   #021130,SUPPL-46,LINEZOLID,PFIZER
06/27/2024,ZYVOXNDA   #021131,SUPPL-44,LINEZOLID,PFIZER
06/27/2024,ZYVOXNDA   #021132,SUPPL-46,LINEZOLID,PFIZER
07/05/2024,NGENLABLA   #761184,SUPPL-3,SOMATROGON-GHLA,PFIZER IRELAND PHARMACEUTICALS
07/08/2024,FLAGYLNDA   #012623,SUPPL-72,METRONIDAZOLE,PFIZER
07/08/2024,FLAGYLNDA   #020334,SUPPL-15,METRONIDAZOLE,PFIZER
07/08/2024,FLAGYL ERNDA   #020868,SUPPL-17,METRONIDAZOLE,PFIZER
07/10/2024,ELELYSOBLA   #022458,SUPPL-31,TALIGLUCERASE ALFA,PFIZER
07/11/2024,DEPO-PROVERANDA   #020246,SUPPL-68,MEDROXYPROGESTERONE ACETATE,PFIZER
07/11/2024,DEPO-SUBQ PROVERA 104NDA   #021583,SUPPL-40,MEDROXYPROGESTERONE ACETATE,PFIZER
07/29/2024,CLEOCIN HYDROCHLORIDENDA   #050162,SUPPL-105,CLINDAMYCIN HYDROCHLORIDE,PFIZER
08/28/2024,ZIRABEVBLA   #761099,SUPPL-12,BEVACIZUMAB-BVZR,PFIZER INC
09/10/2024,ELREXFIOBLA   #761345,SUPPL-2,ELRANATAMAB,PFIZER INC
09/12/2024,PAXLOVID (COPACKAGED)NDA   #217188,SUPPL-6,NIRMATRELVIR; RITONAVIR,PFIZER
09/27/2024,XELJANZ XRNDA   #208246,SUPPL-23,TOFACITINIB CITRATE,PFIZER
09/27/2024,XELJANZNDA   #213082,SUPPL-8,TOFACITINIB CITRATE,PFIZER
10/11/2024,HYMPAVZIBLA   #761369,ORIG-1,MARSTACIMAB-HNCQ,PFIZER INC
10/15/2024,FRAGMINNDA   #020287,SUPPL-80,DALTEPARIN SODIUM,PFIZER
10/24/2024,FRAGMINNDA   #020287,SUPPL-81,DALTEPARIN SODIUM,PFIZER
10/24/2024,HEPARIN SODIUMNDA   #201370,SUPPL-21,HEPARIN SODIUM,PFIZER
10/24/2024,HEPARIN SODIUM PRESERVATIVE FREENDA   #201370,SUPPL-21,HEPARIN SODIUM,PFIZER
11/19/2024,PAXLOVID (COPACKAGED)NDA   #217188,SUPPL-9,NIRMATRELVIR; RITONAVIR,PFIZER
11/20/2024,MYCOBUTINNDA   #050689,SUPPL-27,RIFABUTIN,PFIZER
11/21/2024,FELDENENDA   #018147,SUPPL-53,PIROXICAM,PFIZER
11/21/2024,DAYPRONDA   #018841,SUPPL-36,OXAPROZIN,PFIZER
11/21/2024,ARTHROTECNDA   #020607,SUPPL-43,DICLOFENAC SODIUM; MISOPROSTOL,PFIZER
11/21/2024,DAYPRO ALTANDA   #020776,SUPPL-13,OXAPROZIN POTASSIUM,PFIZER
11/25/2024,ELLENCENDA   #050778,SUPPL-29,EPIRUBICIN HYDROCHLORIDE,PFIZER INC
12/03/2024,MERREM IVNDA   #050706,SUPPL-44,MEROPENEM,PFIZER
12/12/2024,NURTEC ODTNDA   #212728,SUPPL-25,RIMEGEPANT SULFATE,PFIZER
12/16/2024,AROMASINNDA   #020753,SUPPL-25,EXEMESTANE,PFIZER
12/16/2024,DEPO-SUBQ PROVERA 104NDA   #021583,SUPPL-43,MEDROXYPROGESTERONE ACETATE,PFIZER
12/17/2024,CEFOBIDNDA   #050551,SUPPL-47,CEFOPERAZONE SODIUM,PFIZER
12/20/2024,IBRANCENDA   #207103,SUPPL-22,PALBOCICLIB,PFIZER
12/20/2024,IBRANCENDA   #212436,SUPPL-10,PALBOCICLIB,PFIZER
01/17/2025,ELELYSOBLA   #022458,SUPPL-33,TALIGLUCERASE ALFA,PFIZER
